NUMERO,DEPARTEMENT_NORMALIZED,LONGITUDE_DECIMAL,LATITUDE_DECIMAL,COMMUNE_CODE_POSTALE,COMMUNE_NOM_NORMALIZED,DEPARTEMENT,LONGITUDE,LATITUDE,COMMUNE_NOM
1,ain,5.348888888888888,46.099444444444444,1160,saint martin mont,AIN,"5°20'56"" E","46°05'58""",Saint-Martin-du-Mont
2,aisne,3.558333333333333,49.559444444444445,2000,clacy et thierret,AISNE,"3°33'30"" E","49°33'34""",Clacy-et-Thierret
3,allier,3.188333333333333,46.39361111111111,3240,treban,ALLIER,"3°11'18"" E","46°23'37""",Treban
4,alpes haute provence,6.243888888888889,44.10611111111111,4000,digne bains,ALPES-DE-HAUTE-PROVENCE,"6°14'38"" E","44°06'22""",Digne-les-Bains
5,hautes alpes,6.263055555555556,44.66361111111111,5260,saint jean saint nicolas,HAUTES-ALPES,"6°15'47"" E","44°39'49""",Saint-Jean-Saint-Nicolas
6,alpes maritimes,7.116388888888888,43.9375,6710,massoins,ALPES-MARITIMES,"7°06'59"" E","43°56'15""",Massoins
7,ardeche,4.424722222222223,44.751666666666665,7530,saint joseph bancs,ARDECHE,"4°25'29"" E","44°45'06""",Saint-Joseph-des-Bancs
8,ardennes,4.640833333333333,49.61555555555556,8430,mazerny,ARDENNES,"4°38'27"" E","49°36'56""",Mazerny
9,ariege,1.5038888888888888,42.920833333333334,9000,brassac,ARIEGE,"1°30'14"" E","42°55'15""",Brassac
10,aube,4.161666666666667,48.30444444444444,10410,villechetif,AUBE,"4°09'42"" E","48°18'16""",Villechétif
11,aude,2.4141666666666666,43.10333333333333,11250,ladern lauquet,AUDE,"2°24'51"" E","43°06'12""",Ladern-sur-Lauquet
12,aveyron,2.679722222222222,44.280277777777776,12290,pont salars,AVEYRON,"2°40'47"" E","44°16'49""",Pont-de-Salars
13,bouches rhone,5.086388888888888,43.54333333333333,13250,saint chamas,BOUCHES-DU-RHONE,"5°05'11"" E","43°32'36""",Saint-Chamas
14,calvados,-0.3636111111111111,49.099722222222226,14320,may orne,CALVADOS,"0°21'49""O","49°05'59""",May-sur-Orne
15,cantal,2.668611111111111,45.051111111111105,15800,thiezac,CANTAL,"2°40'07"" E","45°03'04""",Thiézac
16,charente,0.2016666666666667,45.71805555555556,16430,champniers,CHARENTE,"0°12'06"" E","45°43'05""",Champniers
17,charente maritime,-0.6744444444444444,45.780833333333334,17810,st georges coteaux,CHARENTE-MARITIME,"0°40'28""O","45°46'51""",St-Georges-des-Coteaux
18,cher,2.491111111111111,47.06472222222222,18390,osmoy,CHER,"2°29'28"" E","47°03'53""",Osmoy
19,correze,1.8769444444444445,45.356944444444444,19800,correze,CORREZE,"1°52'37"" E","45°21'25""",Corrèze
2A,corse sud,8.988055555555555,41.86361111111111,20190,santa maria siche,CORSE-DU-SUD,"8°59'17"" E","41°51'49""",Santa-Maria-Siché
2B,haute corse,9.206388888888888,42.39416666666666,20244,lano,HAUTE-CORSE,"9°12'23"" E","42°23'39""",Lano
21,cote d or,4.772222222222222,47.42472222222222,21440,saint martin mont,COTE-D'OR,"4°46'20"" E","47°25'29""",Saint-Martin-du-Mont
22,cotes d armor,-2.8641666666666667,48.441111111111105,22800,plaine haute,COTES-D'ARMOR,"2°51'51"" O","48°26'28""",Plaine-Haute
23,creuse,2.0188888888888887,46.09027777777778,23150,ahun,CREUSE,"2°01'08"" E","46°05'25""",Ahun
24,dordogne,0.7413888888888889,45.10416666666667,24660,notre dame sanilhac,DORDOGNE,"0°44'29"" E","45°06'15""",Notre-Dame-de-Sanilhac
25,doubs,6.361666666666666,47.165277777777774,25530,chevigney vercel,DOUBS,"6°21'42"" E","47°09'55""",Chevigney-lès-Vercel
26,drome,5.168055555555556,44.68416666666666,26340,saint sauveur en diois,DROME,"5°10'05"" E","44°41'03""",Saint-Sauveur-en-Diois
27,eure,0.9961111111111111,49.11361111111111,27110,quittebeuf,EURE,"0°59'46"" E","49°06'49""",Quittebeuf
28,eure et loir,1.3702777777777777,48.3875,28120,nogent eure,EURE-ET-LOIR,"1°22'13"" E","48°23'15""",Nogent-sur-Eure
29,finistere,-4.058888888888888,48.26111111111111,29590,loperec,FINISTERE,"4°03'32"" O","48°15'40""",Lopérec
30,gard,4.180277777777778,43.99333333333333,30190,boucoiran et nozieres,GARD,"4°10'49"" E","43°59'36""",Boucoiran-et-Nozières
31,haute garonne,1.172777777777778,43.35861111111111,31410,longages,HAUTE-GARONNE,"1°10'22"" E","43°21'31""",Longages
32,gers,0.45333333333333337,43.69277777777778,32350,ordan larroque,GERS,"0°27'12"" E","43°41'34""",Ordan-Larroque
33,gironde,-0.5752777777777778,44.82527777777778,33000,bordeaux,GIRONDE,"0°34'31"" O","44°49'31""",Bordeaux
34,herault,3.3672222222222223,43.57972222222222,34800,cabrieres,HERAULT,"3°22'02"" E","43°34'47""",Cabrières
35,ille et vilaine,-1.638611111111111,48.154444444444444,35830,betton,ILLE-ET-VILAINE,"1°38'19"" O","48°09'16""",Betton
36,indre,1.5758333333333334,46.77777777777778,36250,niherne st maur,INDRE,"1°34'33"" E","46°46'40""",Niherne/St-Maur
37,indre et loire,0.6913888888888889,47.25805555555556,37250,sorigny,INDRE-ET-LOIRE,"0°41'29"" E","47°15'29""",Sorigny
38,isere,5.576111111111111,45.263333333333335,38113,veurey voroize,ISERE,"5°34'34"" E","45°15'48""",Veurey-Voroize
39,jura,5.697777777777778,46.72833333333333,39210,marre,JURA,"5°41'52"" E","46°43'42""",La Marre
40,landes,-0.7838888888888889,43.96555555555556,40110,villenave,LANDES,"0°47'02"" O","43°57'56""",Villenave
41,loir et cher,1.4294444444444445,47.61666666666667,41350,saint claude diray,LOIR-ET-CHER,"1°25'46"" E","47°37'00""",Saint-Claude-de-Diray
42,loire,4.1658333333333335,45.72694444444445,42110,poncins,LOIRE,"4°09'57"" E","45°43'37""",Poncins
43,haute loire,3.806388888888889,45.128055555555555,43350,saint paulien,HAUTE-LOIRE,"3°48'23"" E","45°07'41""",Saint-Paulien
44,loire atlantique,-1.682222222222222,47.36138888888889,44130,notre dame landes,LOIRE-ATLANTIQUE,"1°40'56"" O","47°21'41""",Notre-Dame-des-Landes
45,loiret,2.3441666666666667,47.911944444444444,45110,saint martin d abbat,LOIRET,"2°20'39"" E","47°54'43""",Saint-Martin-d'Abbat
46,lot,1.6047222222222224,44.62416666666667,46240,soulomes,LOT,"1°36'17"" E","44°37'27""",Soulomès
47,lot et garonne,0.4602777777777778,44.3675,47260,granges lot,LOT-ET-GARONNE,"0°27'37"" E","44°22'03""",Granges-sur-Lot
48,lozere,3.500277777777778,44.51722222222222,48000,mende,LOZERE,"3°30'01"" E","44°31'02""",Mende
49,maine et loire,-0.5641666666666667,47.39083333333333,49610,murs erigne,MAINE-ET-LOIRE,"0°33'51"" O","47°23'27""",Mûrs-Erigné
50,manche,-1.3275,49.07944444444445,50210,camprond,MANCHE,"1°19'39"" O","49°04'46""",Camprond
51,marne,4.238611111111111,48.94916666666666,51510,saint pierre,MARNE,"4°14'19"" E","48°56'57""",Saint-Pierre
52,haute marne,5.226388888888889,48.10944444444445,52000,chamarandes choignes,HAUTE-MARNE,"5°13'35"" E","48°06'34""",Chamarandes-Choignes
53,mayenne,-0.6580555555555556,48.14666666666667,53950,chapelle anthenaise,MAYENNE,"0°39'29"" O","48°08'48""",La Chapelle-Anthenaise
54,meurthe et moselle,6.165,48.786944444444444,54670,malleloy,MEURTHE-ET-MOSELLE,"6°09'54"" E","48°47'13""",Malleloy
55,meuse,5.381666666666666,48.989444444444445,55220,recourt creux,MEUSE,"5°22'54"" E","48°59'22""",Récourt-le-Creux
56,morbihan,-2.8099999999999996,47.84638888888889,56500,moustoir ac,MORBIHAN,"2°48'36"" O","47°50'47""",Moustoir-Ac
57,moselle,6.663333333333334,49.03722222222222,57380,guessling hemering,MOSELLE,"6°39'48"" E","49°02'14""",Guessling-Hémering
58,nievre,3.504722222222222,47.11527777777778,58330,saint saulge,NIEVRE,"3°30'17"" E","47°06'55""",Saint-Saulge
59,nord,3.220555555555556,50.447222222222216,59310,coutiches,NORD,"3°13'14"" E","50°26'50""",Coutiches
60,oise,2.4252777777777776,49.41027777777778,60600,fitz james,OISE,"2°25'31"" E","49°24'37""",Fitz-James
61,orne,0.1288888888888889,48.62361111111111,61500,belfonds,ORNE,"0°07'44"" E","48°37'25""",Belfonds
62,pas calais,2.288611111111111,50.493611111111115,62134,fontaine boulans,PAS-DE-CALAIS,"2°17'19"" E","50°29'37""",Fontaine-lès-Boulans
63,puy dome,3.140833333333333,45.725833333333334,63170,perignat sarlieve,PUY-DE-DOME,"3°08'27"" E","45°43'33""",Pérignat-lès-Sarliève
64,pyrenees atlantiques,-0.7613888888888889,43.25666666666667,64190,gurs,PYRENEES-ATLANTIQUES,"0°45'41"" O","43°15'24""",Gurs
65,hautes pyrenees,0.1638888888888889,43.05305555555555,65200,gerde,HAUTES-PYRENEES,"0°09'50"" E","43°03'11""",Gerde
66,pyrenees orientales,2.522222222222222,42.6,66320,finestret,PYRENEES-ORIENTALES,"2°31'20"" E","42°36'00""",Finestret
67,bas rhin,7.551388888888889,48.670833333333334,67370,schnersheim,BAS-RHIN,"7°33'05"" E","48°40'15""",Schnersheim
68,haut rhin,7.274166666666667,47.85861111111111,68540,feldkirch,HAUT-RHIN,"7°16'27"" E","47°51'31""",Feldkirch
69,rhone,4.641388888888889,45.87027777777778,69380,chatillon,RHONE,"4°38'29"" E","45°52'13""",Châtillon
70,haute saone,6.086111111111111,47.64111111111111,70000,montigny vesoul,HAUTE-SAONE,"6°05'10"" E","47°38'28""",Montigny-lès-Vesoul
71,saone et loire,4.542222222222222,46.64472222222222,71460,collonge en charollais,SAONE-ET-LOIRE,"4°32'32"" E","46°38'41""",Collonge-en-Charollais
72,sarthe,0.22222222222222224,47.99444444444445,72000,mans,SARTHE,"0°13'20"" E","47°59'40""",Le Mans
73,savoie,6.443611111111111,45.4775,73260,avanchers valmorel,SAVOIE,"6°26'37"" E","45°28'39""",Les Avanchers-Valmorel
74,haute savoie,6.428055555555556,46.03444444444444,74130,brizon,HAUTE-SAVOIE,"6°25'41"" E","46°02'04""",Brizon
75,paris,2.3422222222222224,48.85666666666667,75001,paris,PARIS,"2°20'32"" E","48°51'24""",Paris
76,seine maritime,1.0263888888888888,49.655,76890,varneville bretteville,SEINE-MARITIME,"1°01'35"" E","49°39'18""",Varneville-Bretteville
77,seine et marne,2.9333333333333336,48.626666666666665,77720,quiers,SEINE-ET-MARNE,"2°56'00"" E","48°37'36""",Quiers
78,yvelines,1.8416666666666668,48.815,78490,vicq,YVELINES,"1°50'30"" E","48°48'54""",Vicq
79,deux sevres,-0.3172222222222222,46.55555555555555,79310,mazieres en gatine,DEUX-SEVRES,"0°19'02"" O","46°33'20""",Mazières-en-Gâtine
80,somme,2.2777777777777777,49.95805555555556,80260,bertangles,SOMME,"2°16'40"" E","49°57'29""",Bertangles
81,tarn,2.166111111111111,43.78527777777778,81120,realmont,TARN,"2°09'58"" E","43°47'07""",Réalmont
82,tarn et garonne,1.2819444444444443,44.08583333333333,82130,villemade,TARN-ET-GARONNE,"1°16'55"" E","44°05'09""",Villemade
83,var,6.218055555555556,43.46055555555556,83570,carces,VAR,"6°13'05"" E","43°27'38""",Carcès
84,vaucluse,5.186111111111112,43.99388888888889,84210,venasque,VAUCLUSE,"5°11'10"" E","43°59'38""",Venasque
85,vendee,-1.2977777777777777,46.67472222222222,85310,chaize vicomte,VENDEE,"1°17'52"" O","46°40'29""",La Chaize-le-Vicomte
86,vienne,0.4602777777777778,46.56388888888888,86800,saint julien ars,VIENNE,"0°27'37"" E","46°33'50""",Saint-Julien-l'Ars
87,haute vienne,1.235277777777778,45.891666666666666,87270,couzeix,HAUTE-VIENNE,"1°14'07"" E","45°53'30""",Couzeix
88,vosges,6.3805555555555555,48.196666666666665,88390,uxegney,VOSGES,"6°22'50"" E","48°11'48""",Uxegney
89,yonne,3.5644444444444443,47.83972222222222,89470,moneteau,YONNE,"3°33'52"" E","47°50'23""",Monéteau
90,territoire belfort,6.9286111111111115,47.63166666666667,90340,chevremont,TERRITOIRE DE BELFORT,"6°55'43"" E","47°37'54""",Chèvremont
91,essonne,2.243055555555556,48.52222222222222,91510,lardy,ESSONNE,"2°14'35"" E","48°31'20""",Lardy
92,hauts seine,2.2458333333333336,48.84722222222222,92100,boulogne 75016 paris,HAUTS-DE-SEINE,"2°14'45"" E","48°50'50""",Boulogne/75016 Paris
93,seine saint denis,2.4780555555555557,48.9175,93140,bondy,SEINE-SAINT-DENIS,"2°28'41"" E","48°55'03""",Bondy
94,val marne,2.468888888888889,48.777499999999996,94000,creteil,VAL-DE-MARNE,"2°28'08"" E","48°46'39""",Créteil
95,val d oise,2.131111111111111,49.08277777777778,95430,auvers oise,VAL-D'OISE,"2°07'52"" E","49°04'58""",Auvers-sur-Oise
